3dprinting.meta.stackexchange.com.7z	07-Jun-2021 11:10	651.9K
3dprinting.stackexchange.com.7z	07-Jun-2021 11:10	13.2M
academia.meta.stackexchange.com.7z	07-Jun-2021 11:10	4.6M
academia.stackexchange.com.7z	07-Jun-2021 11:10	134.0M
ai.meta.stackexchange.com.7z	07-Jun-2021 11:10	834.6K
ai.stackexchange.com.7z	07-Jun-2021 11:10	23.9M
android.meta.stackexchange.com.7z	07-Jun-2021 11:11	2.9M
android.stackexchange.com.7z	07-Jun-2021 11:11	105.0M
anime.meta.stackexchange.com.7z	07-Jun-2021 11:11	3.9M
anime.stackexchange.com.7z	07-Jun-2021 11:11	31.0M
apple.meta.stackexchange.com.7z	07-Jun-2021 11:11	4.3M
apple.stackexchange.com.7z	07-Jun-2021 11:11	236.0M
arduino.meta.stackexchange.com.7z	07-Jun-2021 11:11	929.8K
arduino.stackexchange.com.7z	07-Jun-2021 11:11	65.9M
askubuntu.com.7z	07-Jun-2021 11:12	861.1M
astronomy.meta.stackexchange.com.7z	07-Jun-2021 11:12	911.0K
astronomy.stackexchange.com.7z	07-Jun-2021 11:12	33.1M
aviation.meta.stackexchange.com.7z	07-Jun-2021 11:12	2.2M
aviation.stackexchange.com.7z	07-Jun-2021 11:12	78.2M
avp.meta.stackexchange.com.7z	07-Jun-2021 11:12	546.9K
avp.stackexchange.com.7z	07-Jun-2021 11:12	16.7M
beer.meta.stackexchange.com.7z	07-Jun-2021 11:12	249.0K
beer.stackexchange.com.7z	07-Jun-2021 11:12	3.5M
bicycles.meta.stackexchange.com.7z	07-Jun-2021 11:12	1.4M
bicycles.stackexchange.com.7z	07-Jun-2021 11:12	55.2M
bioinformatics.meta.stackexchange.com.7z	07-Jun-2021 11:12	322.0K
bioinformatics.stackexchange.com.7z	07-Jun-2021 11:12	10.6M
biology.meta.stackexchange.com.7z	07-Jun-2021 11:12	2.8M
biology.stackexchange.com.7z	07-Jun-2021 11:12	66.8M
bitcoin.meta.stackexchange.com.7z	07-Jun-2021 11:12	1.2M
bitcoin.stackexchange.com.7z	07-Jun-2021 11:13	54.5M
blender.meta.stackexchange.com.7z	07-Jun-2021 11:13	2.5M
blender.stackexchange.com.7z	07-Jun-2021 11:13	125.0M
boardgames.meta.stackexchange.com.7z	07-Jun-2021 11:13	2.2M
boardgames.stackexchange.com.7z	07-Jun-2021 11:13	34.7M
bricks.meta.stackexchange.com.7z	07-Jun-2021 11:13	583.6K
bricks.stackexchange.com.7z	07-Jun-2021 11:13	8.6M
buddhism.meta.stackexchange.com.7z	07-Jun-2021 11:13	2.0M
buddhism.stackexchange.com.7z	07-Jun-2021 11:13	42.2M
cardano.meta.stackexchange.com.7z	07-Jun-2021 11:13	60.1K
cardano.stackexchange.com.7z	07-Jun-2021 11:13	556.6K
chemistry.meta.stackexchange.com.7z	07-Jun-2021 11:13	4.8M
chemistry.stackexchange.com.7z	07-Jun-2021 11:13	95.2M
chess.meta.stackexchange.com.7z	07-Jun-2021 11:13	902.0K
chess.stackexchange.com.7z	07-Jun-2021 11:13	24.7M
chinese.meta.stackexchange.com.7z	07-Jun-2021 11:13	1.2M
chinese.stackexchange.com.7z	07-Jun-2021 11:13	26.4M
christianity.meta.stackexchange.com.7z	07-Jun-2021 11:13	6.5M
christianity.stackexchange.com.7z	07-Jun-2021 11:14	87.3M
civicrm.meta.stackexchange.com.7z	07-Jun-2021 11:14	161.4K
civicrm.stackexchange.com.7z	07-Jun-2021 11:14	18.3M
codegolf.meta.stackexchange.com.7z	07-Jun-2021 11:14	20.8M
codegolf.stackexchange.com.7z	07-Jun-2021 11:14	321.2M
codereview.meta.stackexchange.com.7z	07-Jun-2021 11:14	9.7M
codereview.stackexchange.com.7z	07-Jun-2021 11:14	458.7M
coffee.meta.stackexchange.com.7z	07-Jun-2021 11:14	246.6K
coffee.stackexchange.com.7z	07-Jun-2021 11:14	3.9M
cogsci.meta.stackexchange.com.7z	07-Jun-2021 11:14	2.0M
cogsci.stackexchange.com.7z	07-Jun-2021 11:14	22.9M
computergraphics.meta.stackexchange.com.7z	07-Jun-2021 11:14	360.9K
computergraphics.stackexchange.com.7z	07-Jun-2021 11:14	9.0M
conlang.meta.stackexchange.com.7z	07-Jun-2021 11:15	173.5K
conlang.stackexchange.com.7z	07-Jun-2021 11:15	1.5M
cooking.meta.stackexchange.com.7z	07-Jun-2021 11:15	3.1M
cooking.stackexchange.com.7z	07-Jun-2021 11:15	65.4M
craftcms.meta.stackexchange.com.7z	07-Jun-2021 11:15	197.1K
craftcms.stackexchange.com.7z	07-Jun-2021 11:15	19.3M
crafts.meta.stackexchange.com.7z	07-Jun-2021 11:15	538.8K
crafts.stackexchange.com.7z	07-Jun-2021 11:15	5.6M
crypto.meta.stackexchange.com.7z	07-Jun-2021 11:15	2.0M
crypto.stackexchange.com.7z	07-Jun-2021 11:23	76.8M
cs.meta.stackexchange.com.7z	07-Jun-2021 11:23	2.8M
cs.stackexchange.com.7z	07-Jun-2021 11:23	97.6M
cseducators.meta.stackexchange.com.7z	07-Jun-2021 11:23	631.1K
cseducators.stackexchange.com.7z	07-Jun-2021 11:23	7.7M
cstheory.meta.stackexchange.com.7z	07-Jun-2021 11:23	2.2M
cstheory.stackexchange.com.7z	07-Jun-2021 11:23	35.7M
datascience.meta.stackexchange.com.7z	07-Jun-2021 11:23	741.9K
datascience.stackexchange.com.7z	07-Jun-2021 11:23	61.7M
dba.meta.stackexchange.com.7z	07-Jun-2021 11:23	3.2M
dba.stackexchange.com.7z	07-Jun-2021 11:24	255.9M
devops.meta.stackexchange.com.7z	07-Jun-2021 11:24	393.9K
devops.stackexchange.com.7z	07-Jun-2021 11:24	11.2M
diy.meta.stackexchange.com.7z	07-Jun-2021 11:24	1.5M
diy.stackexchange.com.7z	07-Jun-2021 11:24	139.0M
drones.meta.stackexchange.com.7z	07-Jun-2021 11:24	153.2K
drones.stackexchange.com.7z	07-Jun-2021 11:24	1.6M
drupal.meta.stackexchange.com.7z	07-Jun-2021 11:24	2.5M
drupal.stackexchange.com.7z	07-Jun-2021 11:24	144.7M
dsp.meta.stackexchange.com.7z	07-Jun-2021 11:24	805.0K
dsp.stackexchange.com.7z	07-Jun-2021 11:24	60.5M
earthscience.meta.stackexchange.com.7z	07-Jun-2021 11:24	1.0M
earthscience.stackexchange.com.7z	07-Jun-2021 11:25	16.7M
ebooks.meta.stackexchange.com.7z	07-Jun-2021 11:25	290.7K
ebooks.stackexchange.com.7z	07-Jun-2021 11:25	3.9M
economics.meta.stackexchange.com.7z	07-Jun-2021 11:25	1.2M
economics.stackexchange.com.7z	07-Jun-2021 11:25	29.3M
electronics.meta.stackexchange.com.7z	07-Jun-2021 11:25	6.1M
electronics.stackexchange.com.7z	07-Jun-2021 11:25	437.0M
elementaryos.meta.stackexchange.com.7z	07-Jun-2021 11:25	256.2K
elementaryos.stackexchange.com.7z	07-Jun-2021 11:25	12.4M
ell.meta.stackexchange.com.7z	07-Jun-2021 11:25	5.1M
ell.stackexchange.com.7z	07-Jun-2021 11:25	162.6M
emacs.meta.stackexchange.com.7z	07-Jun-2021 11:25	835.1K
emacs.stackexchange.com.7z	07-Jun-2021 11:26	41.7M
engineering.meta.stackexchange.com.7z	07-Jun-2021 11:26	1,020.3K
engineering.stackexchange.com.7z	07-Jun-2021 11:26	27.6M
english.meta.stackexchange.com.7z	07-Jun-2021 11:26	16.6M
english.stackexchange.com.7z	07-Jun-2021 11:26	352.9M
eosio.meta.stackexchange.com.7z	07-Jun-2021 11:26	75.4K
eosio.stackexchange.com.7z	07-Jun-2021 11:26	3.6M
es.meta.stackoverflow.com.7z	07-Jun-2021 11:26	7.8M
esperanto.meta.stackexchange.com.7z	07-Jun-2021 11:26	187.8K
esperanto.stackexchange.com.7z	07-Jun-2021 11:27	3.6M
ethereum.meta.stackexchange.com.7z	07-Jun-2021 11:27	878.9K
ethereum.stackexchange.com.7z	07-Jun-2021 11:27	61.7M
expatriates.meta.stackexchange.com.7z	07-Jun-2021 11:27	458.5K
expatriates.stackexchange.com.7z	07-Jun-2021 11:27	13.1M
expressionengine.meta.stackexchange.com.7z	07-Jun-2021 11:27	351.3K
expressionengine.stackexchange.com.7z	07-Jun-2021 11:27	17.8M
fitness.meta.stackexchange.com.7z	07-Jun-2021 11:27	869.6K
fitness.stackexchange.com.7z	07-Jun-2021 11:27	26.9M
freelancing.meta.stackexchange.com.7z	07-Jun-2021 11:27	376.0K
freelancing.stackexchange.com.7z	07-Jun-2021 11:27	7.3M
french.meta.stackexchange.com.7z	07-Jun-2021 11:27	1.2M
french.stackexchange.com.7z	07-Jun-2021 11:27	34.6M
gamedev.meta.stackexchange.com.7z	07-Jun-2021 11:27	3.3M
gamedev.stackexchange.com.7z	07-Jun-2021 11:28	147.3M
gaming.meta.stackexchange.com.7z	07-Jun-2021 11:28	14.2M
gaming.stackexchange.com.7z	07-Jun-2021 11:28	194.5M
gardening.meta.stackexchange.com.7z	07-Jun-2021 11:28	944.9K
gardening.stackexchange.com.7z	07-Jun-2021 11:28	32.9M
genealogy.meta.stackexchange.com.7z	07-Jun-2021 11:28	1.9M
genealogy.stackexchange.com.7z	07-Jun-2021 11:28	13.3M
german.meta.stackexchange.com.7z	07-Jun-2021 11:28	2.2M
german.stackexchange.com.7z	07-Jun-2021 11:28	49.6M
gis.meta.stackexchange.com.7z	07-Jun-2021 11:28	4.0M
gis.stackexchange.com.7z	07-Jun-2021 11:29	296.6M
graphicdesign.meta.stackexchange.com.7z	07-Jun-2021 11:29	3.2M
graphicdesign.stackexchange.com.7z	07-Jun-2021 11:29	79.4M
ham.meta.stackexchange.com.7z	07-Jun-2021 11:29	497.0K
ham.stackexchange.com.7z	07-Jun-2021 11:29	12.9M
hardwarerecs.meta.stackexchange.com.7z	07-Jun-2021 11:29	946.7K
hardwarerecs.stackexchange.com.7z	07-Jun-2021 11:29	8.2M
health.meta.stackexchange.com.7z	07-Jun-2021 11:29	1.7M
health.stackexchange.com.7z	07-Jun-2021 11:29	18.0M
hermeneutics.meta.stackexchange.com.7z	07-Jun-2021 11:29	2.8M
hermeneutics.stackexchange.com.7z	07-Jun-2021 11:29	73.3M
hinduism.meta.stackexchange.com.7z	07-Jun-2021 11:30	3.1M
hinduism.stackexchange.com.7z	07-Jun-2021 11:30	54.8M
history.meta.stackexchange.com.7z	07-Jun-2021 11:30	2.9M
history.stackexchange.com.7z	07-Jun-2021 11:30	76.4M
homebrew.meta.stackexchange.com.7z	07-Jun-2021 11:30	362.5K
homebrew.stackexchange.com.7z	07-Jun-2021 11:30	13.1M
hsm.meta.stackexchange.com.7z	07-Jun-2021 11:30	449.5K
hsm.stackexchange.com.7z	07-Jun-2021 11:30	12.6M
interpersonal.meta.stackexchange.com.7z	07-Jun-2021 11:30	4.6M
interpersonal.stackexchange.com.7z	07-Jun-2021 11:30	30.2M
iot.meta.stackexchange.com.7z	07-Jun-2021 11:30	503.6K
iot.stackexchange.com.7z	07-Jun-2021 11:30	5.7M
iota.meta.stackexchange.com.7z	07-Jun-2021 11:30	91.9K
iota.stackexchange.com.7z	07-Jun-2021 11:30	1.9M
islam.meta.stackexchange.com.7z	07-Jun-2021 11:31	3.4M
islam.stackexchange.com.7z	07-Jun-2021 11:31	40.9M
italian.meta.stackexchange.com.7z	07-Jun-2021 11:31	600.8K
italian.stackexchange.com.7z	07-Jun-2021 11:31	9.2M
ja.meta.stackoverflow.com.7z	07-Jun-2021 11:31	3.1M
ja.stackoverflow.com.7z	07-Jun-2021 11:31	60.1M
japanese.meta.stackexchange.com.7z	07-Jun-2021 11:31	2.7M
japanese.stackexchange.com.7z	07-Jun-2021 11:31	52.0M
joomla.meta.stackexchange.com.7z	07-Jun-2021 11:31	380.8K
joomla.stackexchange.com.7z	07-Jun-2021 11:31	13.7M
judaism.meta.stackexchange.com.7z	07-Jun-2021 11:31	5.4M
judaism.stackexchange.com.7z	07-Jun-2021 11:32	104.1M
korean.meta.stackexchange.com.7z	07-Jun-2021 11:32	243.2K
korean.stackexchange.com.7z	07-Jun-2021 11:32	3.7M
languagelearning.meta.stackexchange.com.7z	07-Jun-2021 11:32	551.9K
languagelearning.stackexchange.com.7z	07-Jun-2021 11:32	3.9M
latin.meta.stackexchange.com.7z	07-Jun-2021 11:32	691.1K
latin.stackexchange.com.7z	07-Jun-2021 11:32	14.4M
law.meta.stackexchange.com.7z	07-Jun-2021 11:32	1.4M
law.stackexchange.com.7z	07-Jun-2021 11:33	56.3M
license.txt	23-Jan-2014 17:05	1.9K
lifehacks.meta.stackexchange.com.7z	07-Jun-2021 11:33	1.0M
lifehacks.stackexchange.com.7z	07-Jun-2021 11:33	11.0M
linguistics.meta.stackexchange.com.7z	07-Jun-2021 11:33	1.1M
linguistics.stackexchange.com.7z	07-Jun-2021 11:33	29.2M
literature.meta.stackexchange.com.7z	07-Jun-2021 11:33	2.2M
literature.stackexchange.com.7z	07-Jun-2021 11:33	17.8M
magento.meta.stackexchange.com.7z	07-Jun-2021 13:09	1.6M
magento.stackexchange.com.7z	07-Jun-2021 13:10	182.7M
martialarts.meta.stackexchange.com.7z	07-Jun-2021 13:10	798.1K
martialarts.stackexchange.com.7z	07-Jun-2021 13:10	10.2M
materials.meta.stackexchange.com.7z	07-Jun-2021 13:10	362.3K
materials.stackexchange.com.7z	07-Jun-2021 13:10	4.6M
math.meta.stackexchange.com.7z	07-Jun-2021 13:10	41.7M
math.stackexchange.com.7z	07-Jun-2021 14:18	2.6G
matheducators.meta.stackexchange.com.7z	07-Jun-2021 13:10	866.7K
matheducators.stackexchange.com.7z	07-Jun-2021 13:10	17.7M
mathematica.meta.stackexchange.com.7z	07-Jun-2021 13:10	3.4M
mathematica.stackexchange.com.7z	07-Jun-2021 13:10	230.7M
mathoverflow.net.7z	07-Jun-2021 13:11	369.6M
mechanics.meta.stackexchange.com.7z	07-Jun-2021 13:11	1.2M
mechanics.stackexchange.com.7z	07-Jun-2021 13:11	48.4M
meta.askubuntu.com.7z	07-Jun-2021 13:11	18.1M
meta.mathoverflow.net.7z	07-Jun-2021 13:11	7.1M
meta.serverfault.com.7z	07-Jun-2021 13:11	9.6M
meta.stackexchange.com.7z	07-Jun-2021 13:12	345.6M
meta.stackoverflow.com.7z	07-Jun-2021 13:12	266.2M
meta.superuser.com.7z	07-Jun-2021 13:12	17.6M
moderators.meta.stackexchange.com.7z	07-Jun-2021 13:12	483.8K
moderators.stackexchange.com.7z	07-Jun-2021 13:12	2.8M
monero.meta.stackexchange.com.7z	07-Jun-2021 13:12	218.9K
monero.stackexchange.com.7z	07-Jun-2021 13:12	7.3M
money.meta.stackexchange.com.7z	07-Jun-2021 13:12	2.2M
money.stackexchange.com.7z	07-Jun-2021 13:12	97.0M
movies.meta.stackexchange.com.7z	07-Jun-2021 13:12	4.7M
movies.stackexchange.com.7z	07-Jun-2021 13:12	67.8M
music.meta.stackexchange.com.7z	07-Jun-2021 13:12	2.7M
music.stackexchange.com.7z	07-Jun-2021 13:13	75.6M
musicfans.meta.stackexchange.com.7z	07-Jun-2021 13:13	624.2K
musicfans.stackexchange.com.7z	07-Jun-2021 13:13	6.2M
mythology.meta.stackexchange.com.7z	07-Jun-2021 13:13	557.7K
mythology.stackexchange.com.7z	07-Jun-2021 13:13	7.5M
networkengineering.meta.stackexchange.com.7z	07-Jun-2021 13:13	1.2M
networkengineering.stackexchange.com.7z	07-Jun-2021 13:13	38.6M
opendata.meta.stackexchange.com.7z	07-Jun-2021 13:13	473.4K
opendata.stackexchange.com.7z	07-Jun-2021 13:13	10.6M
opensource.meta.stackexchange.com.7z	07-Jun-2021 13:13	889.1K
opensource.stackexchange.com.7z	07-Jun-2021 13:13	12.0M
or.meta.stackexchange.com.7z	07-Jun-2021 13:13	342.2K
or.stackexchange.com.7z	07-Jun-2021 13:13	5.8M
outdoors.meta.stackexchange.com.7z	07-Jun-2021 13:13	1.5M
outdoors.stackexchange.com.7z	07-Jun-2021 13:13	24.9M
parenting.meta.stackexchange.com.7z	07-Jun-2021 13:13	2.0M
parenting.stackexchange.com.7z	07-Jun-2021 13:14	35.5M
patents.meta.stackexchange.com.7z	07-Jun-2021 13:14	447.2K
patents.stackexchange.com.7z	07-Jun-2021 13:14	10.2M
pets.meta.stackexchange.com.7z	07-Jun-2021 13:14	1.2M
pets.stackexchange.com.7z	07-Jun-2021 13:14	20.9M
philosophy.meta.stackexchange.com.7z	07-Jun-2021 13:14	2.8M
philosophy.stackexchange.com.7z	07-Jun-2021 13:14	79.9M
photo.meta.stackexchange.com.7z	07-Jun-2021 13:14	4.1M
photo.stackexchange.com.7z	07-Jun-2021 13:14	91.4M
physics.meta.stackexchange.com.7z	07-Jun-2021 13:14	13.6M
physics.stackexchange.com.7z	07-Jun-2021 13:15	510.4M
pm.meta.stackexchange.com.7z	07-Jun-2021 13:16	1.1M
pm.stackexchange.com.7z	07-Jun-2021 13:16	23.2M
poker.meta.stackexchange.com.7z	07-Jun-2021 13:16	311.7K
poker.stackexchange.com.7z	07-Jun-2021 13:16	5.8M
politics.meta.stackexchange.com.7z	07-Jun-2021 13:16	3.6M
politics.stackexchange.com.7z	07-Jun-2021 13:16	72.7M
portuguese.meta.stackexchange.com.7z	07-Jun-2021 13:16	538.9K
portuguese.stackexchange.com.7z	07-Jun-2021 13:16	8.6M
pt.meta.stackoverflow.com.7z	07-Jun-2021 13:16	12.3M
pt.stackoverflow.com.7z	07-Jun-2021 13:17	412.8M
puzzling.meta.stackexchange.com.7z	07-Jun-2021 13:17	5.7M
puzzling.stackexchange.com.7z	07-Jun-2021 13:17	92.9M
quant.meta.stackexchange.com.7z	07-Jun-2021 13:17	687.4K
quant.stackexchange.com.7z	07-Jun-2021 13:17	40.3M
quantumcomputing.meta.stackexchange.com.7z	07-Jun-2021 13:17	727.7K
quantumcomputing.stackexchange.com.7z	07-Jun-2021 13:17	14.0M
raspberrypi.meta.stackexchange.com.7z	07-Jun-2021 13:17	1.7M
raspberrypi.stackexchange.com.7z	07-Jun-2021 13:17	83.7M
readme.txt	23-Jan-2014 00:46	4.6K
retrocomputing.meta.stackexchange.com.7z	07-Jun-2021 13:17	1.0M
retrocomputing.stackexchange.com.7z	07-Jun-2021 13:17	25.4M
reverseengineering.meta.stackexchange.com.7z	07-Jun-2021 13:17	503.4K
reverseengineering.stackexchange.com.7z	07-Jun-2021 13:17	22.5M
robotics.meta.stackexchange.com.7z	07-Jun-2021 13:17	551.0K
robotics.stackexchange.com.7z	07-Jun-2021 13:17	15.4M
rpg.meta.stackexchange.com.7z	07-Jun-2021 13:18	12.6M
rpg.stackexchange.com.7z	07-Jun-2021 13:18	217.0M
ru.meta.stackoverflow.com.7z	07-Jun-2021 13:18	15.2M
ru.stackoverflow.com.7z	07-Jun-2021 13:19	749.4M
rus.meta.stackexchange.com.7z	07-Jun-2021 13:19	553.3K
rus.stackexchange.com.7z	07-Jun-2021 13:19	39.1M
russian.meta.stackexchange.com.7z	07-Jun-2021 13:19	480.5K
russian.stackexchange.com.7z	07-Jun-2021 13:19	13.7M
salesforce.meta.stackexchange.com.7z	07-Jun-2021 13:19	2.1M
salesforce.stackexchange.com.7z	07-Jun-2021 13:20	208.2M
scicomp.meta.stackexchange.com.7z	07-Jun-2021 13:20	680.9K
scicomp.stackexchange.com.7z	07-Jun-2021 13:20	28.4M
scifi.meta.stackexchange.com.7z	07-Jun-2021 13:20	13.9M
scifi.stackexchange.com.7z	07-Jun-2021 13:20	260.3M
security.meta.stackexchange.com.7z	07-Jun-2021 13:20	4.4M
security.stackexchange.com.7z	07-Jun-2021 13:21	204.3M
serverfault.com.7z	07-Jun-2021 13:22	685.6M
sharepoint.meta.stackexchange.com.7z	07-Jun-2021 13:22	1.4M
sharepoint.stackexchange.com.7z	07-Jun-2021 13:22	148.4M
sitecore.meta.stackexchange.com.7z	07-Jun-2021 13:22	438.2K
sitecore.stackexchange.com.7z	07-Jun-2021 13:22	20.6M
skeptics.meta.stackexchange.com.7z	07-Jun-2021 13:22	6.0M
skeptics.stackexchange.com.7z	07-Jun-2021 13:22	63.7M
softwareengineering.meta.stackexchange.com.7z	07-Jun-2021 13:22	13.9M
softwareengineering.stackexchange.com.7z	07-Jun-2021 13:22	288.8M
softwarerecs.meta.stackexchange.com.7z	07-Jun-2021 13:22	2.6M
softwarerecs.stackexchange.com.7z	07-Jun-2021 13:22	41.0M
sound.meta.stackexchange.com.7z	07-Jun-2021 13:22	463.7K
sound.stackexchange.com.7z	07-Jun-2021 13:23	22.9M
space.meta.stackexchange.com.7z	07-Jun-2021 13:23	2.3M
space.stackexchange.com.7z	07-Jun-2021 13:23	58.0M
spanish.meta.stackexchange.com.7z	07-Jun-2021 13:23	2.0M
spanish.stackexchange.com.7z	07-Jun-2021 13:23	28.3M
sports.meta.stackexchange.com.7z	07-Jun-2021 13:23	1.1M
sports.stackexchange.com.7z	07-Jun-2021 13:23	13.7M
sqa.meta.stackexchange.com.7z	07-Jun-2021 13:23	560.2K
sqa.stackexchange.com.7z	07-Jun-2021 13:23	31.4M
stackapps.com.7z	07-Jun-2021 13:23	12.9M
stackexchange_archive.torrent	07-Jun-2021 23:34	458.7K
stackexchange_files.xml	07-Jun-2021 23:35	103.6K
stackexchange_meta.sqlite	07-Jun-2021 18:53	1.1M
stackexchange_meta.xml	07-Jun-2021 23:34	3.4K
stackexchange_reviews.xml	07-Jun-2021 23:35	17.0K
stats.meta.stackexchange.com.7z	07-Jun-2021 13:25	8.0M
stats.stackexchange.com.7z	07-Jun-2021 13:25	442.1M
stellar.meta.stackexchange.com.7z	07-Jun-2021 13:25	90.0K
stellar.stackexchange.com.7z	07-Jun-2021 13:25	2.4M
superuser.com.7z	07-Jun-2021 13:27	994.8M
sustainability.meta.stackexchange.com.7z	07-Jun-2021 13:27	558.2K
sustainability.stackexchange.com.7z	07-Jun-2021 13:27	7.5M
tex.meta.stackexchange.com.7z	07-Jun-2021 13:27	10.9M
tex.stackexchange.com.7z	07-Jun-2021 13:28	620.5M
tezos.meta.stackexchange.com.7z	07-Jun-2021 13:28	74.3K
tezos.stackexchange.com.7z	07-Jun-2021 13:28	2.3M
tor.meta.stackexchange.com.7z	07-Jun-2021 13:28	312.4K
tor.stackexchange.com.7z	07-Jun-2021 13:28	10.3M
travel.meta.stackexchange.com.7z	07-Jun-2021 13:28	5.4M
travel.stackexchange.com.7z	07-Jun-2021 13:28	118.2M
tridion.meta.stackexchange.com.7z	07-Jun-2021 13:28	442.6K
tridion.stackexchange.com.7z	07-Jun-2021 13:28	14.8M
ukrainian.meta.stackexchange.com.7z	07-Jun-2021 13:28	569.8K
ukrainian.stackexchange.com.7z	07-Jun-2021 13:28	6.9M
unix.meta.stackexchange.com.7z	07-Jun-2021 13:28	6.8M
unix.stackexchange.com.7z	07-Jun-2021 13:28	539.2M
ux.meta.stackexchange.com.7z	07-Jun-2021 13:29	2.6M
ux.stackexchange.com.7z	07-Jun-2021 13:29	98.2M
vegetarianism.meta.stackexchange.com.7z	07-Jun-2021 13:29	385.8K
vegetarianism.stackexchange.com.7z	07-Jun-2021 13:29	2.5M
vi.meta.stackexchange.com.7z	07-Jun-2021 13:29	714.5K
vi.stackexchange.com.7z	07-Jun-2021 13:29	24.8M
webapps.meta.stackexchange.com.7z	07-Jun-2021 13:29	2.5M
webapps.stackexchange.com.7z	07-Jun-2021 13:29	62.6M
webmasters.meta.stackexchange.com.7z	07-Jun-2021 13:29	1.7M
webmasters.stackexchange.com.7z	07-Jun-2021 13:29	75.6M
windowsphone.meta.stackexchange.com.7z	07-Jun-2021 13:29	345.8K
windowsphone.stackexchange.com.7z	07-Jun-2021 13:29	5.4M
woodworking.meta.stackexchange.com.7z	07-Jun-2021 13:29	352.3K
woodworking.stackexchange.com.7z	07-Jun-2021 13:29	10.4M
wordpress.meta.stackexchange.com.7z	07-Jun-2021 13:29	3.2M
wordpress.stackexchange.com.7z	07-Jun-2021 13:29	209.3M
workplace.meta.stackexchange.com.7z	07-Jun-2021 13:30	8.0M
workplace.stackexchange.com.7z	07-Jun-2021 13:30	145.5M
worldbuilding.meta.stackexchange.com.7z	07-Jun-2021 13:30	9.8M
worldbuilding.stackexchange.com.7z	07-Jun-2021 13:30	260.5M
writers.meta.stackexchange.com.7z	07-Jun-2021 13:30	3.1M
writers.stackexchange.com.7z	07-Jun-2021 13:30	51.3M